,nodes,edges,min_degree,max_degree,avg_degree,avg_clustering,assortativity,avg_path_length,diameter
0,2113,6632,1,109,6.2773,0.2464293753,0.0192,4.6074,12
0,750,2085,1,173,5.56,0.0629816702,-0.0814,3.4351,9
0,1250,3347,1,26,5.3552,0.0047289277,-0.0315,4.3312,9
